<?xml version="1.0" encoding="UTF-8"?>
<project-private xmlns="http://www.netbeans.org/ns/project-private/1">
    <editor-bookmarks xmlns="http://www.netbeans.org/ns/editor-bookmarks/2" lastBookmarkId="0"/>
    <open-files xmlns="http://www.netbeans.org/ns/projectui-open-files/2">
        <group>
            <file>file:/C:/Users/ASUS/OneDrive/Documents/NetBeansProjects/Penjualan_Tiket/src/penjualan_tiket/Penjualan_Tiket.java</file>
            <file>file:/C:/Users/ASUS/OneDrive/Documents/NetBeansProjects/Penjualan_Tiket/src/penjualan_tiket/Tiket_Kereta.java</file>
            <file>file:/C:/Users/ASUS/OneDrive/Documents/NetBeansProjects/Penjualan_Tiket/src/penjualan_tiket/FrmHomePage.java</file>
            <file>file:/C:/Users/ASUS/OneDrive/Documents/NetBeansProjects/Penjualan_Tiket/src/tiketkereta/config/Koneksi.java</file>
            <file>file:/C:/Users/ASUS/OneDrive/Documents/NetBeansProjects/Penjualan_Tiket/src/tiketkereta/dao/JurusanDAO.java</file>
            <file>file:/C:/Users/ASUS/OneDrive/Documents/NetBeansProjects/Penjualan_Tiket/src/entity/Tiket.java</file>
            <file>file:/C:/Users/ASUS/OneDrive/Documents/NetBeansProjects/Penjualan_Tiket/src/entity/Penumpang.java</file>
            <file>file:/C:/Users/ASUS/OneDrive/Documents/NetBeansProjects/Penjualan_Tiket/src/penjualan_tiket/frmTransaksi.java</file>
            <file>file:/C:/Users/ASUS/OneDrive/Documents/NetBeansProjects/Penjualan_Tiket/src/service/Interface/IService.java</file>
        </group>
    </open-files>
</project-private>
